{"Decoder-only_class2_2884.TW": 0.5205464363098145}
{"Decoder-only_class2_2884.TW": 0.5205464363098145}
{"Decoder-only_class2_2884.TW": 0.5205464363098145}
{"Decoder-only_class2_5871.TW": 1.5207993984222412}
{"Decoder-only_class2_5871.TW": 1.5207993984222412}
{"Decoder-only_class2_2454.TW": 3.871262788772583}
{"Decoder-only_class2_2454.TW": 3.871262788772583}
{"Decoder-only_class2_5871.TW": 1.5207993984222412}
{"Decoder-only_class2_2884.TW": 0.5205464363098145}
