{"Decoder-only_class2_2884.TW": 0.5205464363098145}
{"Decoder-only_class2_2884.TW": 0.5205464363098145}
{"Decoder-only_class2_2884.TW": 0.5205464363098145}
{"Decoder-only_class2_5871.TW": 1.5207993984222412}
